,name,street,city,state,zip,country,user_type
0,Haley,1705 W 7th Street Ter, Knob Noster,MO, 65336,US,Seller
1,Sallee,45030 Revere St, Callahan,FL, 32011,US,Seller
2,Meade,1127 N 2nd Ave #1, Iron River,MI, 49935,US,Seller
3,Fawnia,32282 Francise St, White Castle,LA, 70788,US,Seller
4,Jaquenetta,1460 Back Valley Rd, Speedwell,TN, 37870,US,Seller
5,Bridgette,4 Stuyvesant Ave, Rye,NY, 10580,US,Seller
6,Carma,10822 County Q Rd, Downing,WI, 54734,US,Seller
7,Augustine,58911 E Main Pr NE, Benton City,WA, 99320,US,Seller
8,Charlean,1606 Redwood Dr, Atlantic,IA, 50022,US,Seller
9,Nicoline,603 14th St, Huntingdon,PA, 16652,US,Seller
10,Gilly,203 East St, Pottstown,PA, 19464,US,Seller
11,Elnore,1937 Lone Hickory Rd, Yadkinville,NC, 27055,US,Seller
12,Annabal,5421 Sycamore Cir, Galivants Ferry,SC, 29511,US,Seller
13,Melinde,850 Alameda Dr, Huntingtown,MD, 20639,US,Seller
14,Cariotta,6161 State 238 Hwy, Afton,WY, 83110,US,Seller
15,Toby,402 Laurel Ln, Washougal,WA, 98671,US,Seller
16,Kathye,431 N Post Oak St, Winnsboro,TX, 75494,US,Seller
17,Florri,625 Broad St NE, Aliceville,AL, 35442,US,Seller
18,Eba,4418 Offut Lake Rd SE, Tenino,WA, 98589,US,Seller
19,Ilyse,510 Porter St, Fallbrook,CA, 92028,US,Seller
20,Gilemette,620 E Argone Ave, Shelby,MS, 38774,US,Seller
21,Phyllida,4542 Philadelphia St, Chino,CA, 91710,US,Seller
22,Katina,3605 Springhill Rd, Benton,AR, 72015,US,Seller
23,Antonella,124 Howertown Rd, Catasauqua,PA, 18032,US,Seller
24,Maria,20 W 100th N, Monroe,UT, 84754,US,Seller
25,Daffy,8299 N Lake Rd, Fairfield,NC, 27826,US,Seller
26,Franciska,7530 Rain Flower Way, Columbia,MD, 21046,US,Seller
27,Amata,200 Sabal Palm Ln, Chesapeake,VA, 23320,US,Seller
28,Carilyn,Po Box 86, Parrish,AL, 35580,US,Seller
29,Emelina,983 Stuyvesant Ave, Union,NJ, 07083,US,Seller
30,Barbee,43 Masonic Ave, Holtsville,NY, 11742,US,Seller
31,Merrilee,4151 220th St, Clinton,IA, 52732,US,Seller
32,Kat,189 Greenwich Ave #1 1, New Haven,CT, 06519,US,Seller
33,Aurora,719 Snellgrove Ave, Boaz,AL, 35957,US,Seller
34,Dori,8407 Placida Rd #UNT 402, Placida,FL, 33946,US,Seller
35,Mala,17305 Driftwood Ln, Lutz,FL, 33558,US,Seller
36,Nance,9630 Tom Counce Rd, South Fulton,TN, 38257,US,Seller
37,Gusella,22542 Sharp Chapel Rd, Bush,LA, 70431,US,Seller
38,Tabby,643 Quinan St, Pinole,CA, 94564,US,Seller
39,Dorree,9576 150th Ave, Foreston,MN, 56330,US,Seller
40,Cecelia,1211 2nd Ave W, Palmetto,FL, 34221,US,Seller
41,Ingaborg,6409 Bellcross Trl, Whitsett,NC, 27377,US,Seller
42,Frederica,300 E Central Ave, Colorado City,TX, 79512,US,Seller
43,Lurette,562 Farnsworth Rd, Clarendon,PA, 16313,US,Seller
44,Norma,1931 W 3rd St, Chester,PA, 19013,US,Seller
45,Cyndi,1409 Kelly St, Streator,IL, 61364,US,Seller
46,Charla,109 Still Creek Ct, Easley,SC, 29640,US,Seller
47,Sophronia,116 Rr 1, Granville Summit,PA, 16926,US,Seller
48,Garnette,55435 310th Rd, Ravenna,NE, 68869,US,Seller
49,Hanni,5330 1st St, Napoleonville,LA, 70390,US,Seller
50,Ediva,7028 Seminary Rd, Oneida,WI, 54155,US,Seller
51,Vicki,18716 NE 159th St, Woodinville,WA, 98072,US,Seller
52,Wendi,1415 Cottage Ave, Middletown,IN, 47356,US,Seller
53,Rickie,1335 Ralph Rd, Galivants Ferry,SC, 29544,US,Seller
54,Annelise,880 Northridge Dr, Pacific,MO, 63069,US,Seller
55,Dido,615 Church St, Raynham,MA, 02767,US,Seller
56,Paige,8713 38th Ave, College Park,MD, 20740,US,Seller
57,Zorine,6179 Clinton St, Elwell,MI, 48832,US,Seller
58,Chrissie,105 Wood St, West Newton,PA, 15089,US,Seller
59,Cori,115 Hillcrest Rd, Anderson,MO, 64831,US,Seller
60,Selle,900 Davidson Rd, Piscataway,NJ, 08854,US,Seller
61,Nicola,133 Winnebago Way, Forest City,IA, 50436,US,Seller
62,Lisha,568 Alfred Rd, Kennebunk,ME, 04043,US,Seller
63,Lucilia,1255 Rockfish Rd, Raeford,NC, 28376,US,Seller
64,Yolanthe,1122 N 6th St, Coeur D Alene,ID, 83814,US,Seller
65,Doretta,15502 Mercury Dr, Grand Haven,MI, 49417,US,Seller
66,Madlin,27537 115th St, Dalton,MN, 56324,US,Seller
67,Miguela,100 Mc Clure St, Paintsville,KY, 41240,US,Seller
68,Elita,37130 Oak Ln, Umatilla,FL, 32784,US,Seller
69,Jacquie,410 Carrington Ln, Loveland,OH, 45140,US,Seller
70,Hannah,806 Flegal Rd, Clearfield,PA, 16830,US,Seller
71,Consolata,700 Weidner Rd, Buffalo Grove,IL, 60089,US,Seller
72,Veronike,6337 Sedgefield Dr, Norfolk,VA, 23513,US,Seller
73,Vanny,5002 Michael Rd, Enid,OK, 73703,US,Seller
74,Rois,1266 Old Beech Creek Rd, Waynesboro,TN, 38485,US,Seller
75,Staci,128 Regency Ave, Victoria,TX, 77904,US,Seller
76,Issi,32 Kitty Ln, Grayson,KY, 41143,US,Seller
77,Freddi,16911 NW 34th Ave, Opa Locka,FL, 33056,US,Seller
78,Liuka,55 Rainbow Rd #C, Satellite Beach,FL, 32937,US,Seller
79,Fawne,73 Smokey Alley Rd, Colquitt,GA, 39837,US,Seller
80,Carolee,8125 S Kenwood Ln, Tempe,AZ, 85284,US,Seller
81,Chloette,2524 Reliance Ave, Apex,NC, 27539,US,Seller
82,Pat,1052 Sky Lake Dr, Highlands,NC, 28741,US,Seller
83,Sallyann,155 SE 338th Loop, Odessa,TX, 79762,US,Seller
84,Christel,55559 Fullerton Rd, Warren,OR, 97053,US,Seller
85,Penelopa,513 S Sorrel St, Ridgecrest,CA, 93555,US,Seller
86,Billie,4714 Commons Dr, Annandale,VA, 22003,US,Seller
87,Annora,4490 N Cleveland St, Dayton,TX, 77535,US,Seller
88,Darice,209 Glengarry Dr, Bloomingdale,IL, 60108,US,Seller
89,Gunilla,1450 Birch Ave, Hanover Park,IL, 60133,US,Seller
90,Laryssa,700 Weidner Rd, Buffalo Grove,IL, 60089,US,Seller
91,Lisetta,6337 Sedgefield Dr, Norfolk,VA, 23513,US,Seller
92,Kiele,5002 Michael Rd, Enid,OK, 73703,US,Seller
93,Silva,1266 Old Beech Creek Rd, Waynesboro,TN, 38485,US,Seller
94,Audrey,128 Regency Ave, Victoria,TX, 77904,US,Seller
95,Guinna,32 Kitty Ln, Grayson,KY, 41143,US,Seller
96,Linda,16911 NW 34th Ave, Opa Locka,FL, 33056,US,Seller
97,Eveleen,55 Rainbow Rd #C, Satellite Beach,FL, 32937,US,Seller
